price,crime_rate,resid_area,air_qual,room_num,age,dist1,dist2,dist3,dist4,teachers,poor_prop,airport,n_hos_beds,n_hot_rooms,rainfall,bus_ter
24.0,0.006300112548479956,32.31,0.538,6.575,65.2,4.35,3.81,4.18,4.01,24.7,4.98,1,5.48,11.192,23,YES
21.6,0.02694373544754613,37.07,0.469,6.421,78.9,4.99,4.7,5.12,5.06,22.2,9.14,0,7.332,12.1728,42,YES
34.7,0.02692426693786002,37.07,0.469,7.185,61.1,5.03,4.86,5.01,4.97,22.2,4.03,0,7.394,101.12,38,YES
33.4,0.0318571299356596,32.18,0.458,6.998,45.8,6.21,5.93,6.16,5.96,21.3,2.94,1,9.268,11.2672,45,YES
36.2,0.06677040363385242,32.18,0.458,7.147,54.2,6.16,5.86,6.37,5.86,21.3,5.33,0,8.824,11.2896,55,YES
28.7,0.02941316056834955,32.18,0.458,6.43,58.7,6.22,5.8,6.23,5.99,21.3,5.21,1,7.174,14.2296,53,YES
22.9,0.08460765703482562,37.87,0.524,6.012,66.6,5.87,5.47,5.7,5.2,24.8,12.43,1,6.958,12.1832,41,YES
22.1,0.1350115466558769,37.87,0.524,6.172,96.1,6.04,5.85,6.25,5.66,24.8,19.15,0,5.842,12.1768,56,YES
16.5,0.19164462825480608,37.87,0.524,5.631,100.0,6.18,5.85,6.3,6.0,24.8,29.93,1,5.93,12.132,55,YES
18.9,0.15703793625945522,37.87,0.524,6.004,85.9,6.67,6.55,6.85,6.29,24.8,17.1,1,9.478,14.1512,45,YES
15.0,0.20285104404642815,37.87,0.524,6.377,94.3,6.65,6.31,6.55,5.88,24.8,20.45,0,6.0,11.12,29,YES
18.9,0.11106720150765234,37.87,0.524,6.009,82.9,6.27,5.93,6.51,6.19,24.8,13.27,0,9.278,13.1512,23,YES
21.7,0.0896395868849593,37.87,0.524,5.889,39.0,5.76,5.14,5.58,5.33,24.8,15.71,1,5.534,10.1736,57,YES
20.4,0.4884327647141028,38.14,0.538,5.949,61.8,4.72,4.59,4.93,4.59,19.0,8.26,1,5.908,14.1632,39,YES
18.2,0.49345156510828403,38.14,0.538,6.096,84.5,4.6,4.2,4.48,4.58,19.0,10.26,0,6.964,13.1456,49,YES
19.9,0.4869775044907407,38.14,0.538,5.834,56.5,4.6,4.35,4.72,4.32,19.0,8.47,1,8.498,14.1592,28,YES
23.1,0.7197550310814291,38.14,0.538,5.935,29.3,4.66,4.39,4.52,4.43,19.0,6.58,0,5.462,10.1848,46,YES
17.5,0.5789701354975461,38.14,0.538,5.99,81.7,4.56,4.15,4.36,3.97,19.0,14.67,0,5.45,11.14,56,YES
20.2,0.5892910882451726,38.14,0.538,5.456,36.6,3.8,3.52,3.86,4.0,19.0,11.69,1,8.504,12.1616,41,YES
18.2,0.5456907110920701,38.14,0.538,5.727,69.5,3.98,3.65,4.0,3.57,19.0,11.28,0,8.564,12.1456,27,YES
13.6,0.8117254554853012,38.14,0.538,5.57,98.1,3.93,3.59,4.09,3.58,19.0,21.02,1,8.272,15.1088,44,YES
19.6,0.6162877342628866,38.14,0.538,5.965,89.2,4.11,3.72,4.34,3.88,19.0,13.83,1,9.192,14.1568,23,YES
15.2,0.8031085958282844,38.14,0.538,6.142,91.7,4.18,3.98,4.31,3.45,19.0,18.72,1,5.804,14.1216,48,YES
14.5,0.687345382632109,38.14,0.538,5.813,100.0,4.35,3.98,4.13,3.92,19.0,19.88,1,7.49,13.116,29,YES
15.6,0.5597643483283524,38.14,0.538,5.924,94.1,4.69,4.07,4.72,4.12,19.0,16.3,1,8.212,13.1248,27,YES
13.9,0.6100590068254428,38.14,0.538,5.599,85.7,4.69,4.33,4.72,4.08,19.0,16.51,1,9.378,13.1112,35,YES
16.6,0.5139666854625483,38.14,0.538,5.813,90.3,4.94,4.59,4.71,4.49,19.0,14.81,0,9.732,12.1328,59,YES
14.8,0.6707839777866772,38.14,0.538,6.047,88.8,4.5,4.4,4.6,4.31,19.0,17.28,1,8.696,13.1184,20,YES
18.4,0.5726673869182407,38.14,0.538,6.495,94.4,4.57,4.35,4.69,4.21,19.0,12.8,1,5.968,15.1472,35,YES
21.0,0.6943714308596382,38.14,0.538,6.674,87.3,4.53,3.94,4.36,4.13,19.0,11.98,0,9.02,12.168,50,YES
12.7,0.7565021891227189,38.14,0.538,5.713,94.1,4.52,4.18,4.37,3.86,19.0,22.6,0,9.854,12.1016,34,YES
14.5,0.8564218244336657,38.14,0.538,6.072,100.0,4.39,4.06,4.48,3.77,19.0,13.04,1,9.29,12.116,23,YES
13.2,0.8704520079168976,38.14,0.538,5.95,82.0,4.01,3.86,4.31,3.79,19.0,27.71,0,8.764,14.1056,25,YES
13.1,0.7662675223101358,38.14,0.538,5.701,95.0,3.8,3.67,3.96,3.72,19.0,18.35,1,8.362,15.1048,25,YES
13.5,0.9604300978281597,38.14,0.538,6.096,96.9,4.07,3.66,3.87,3.44,19.0,20.34,1,9.67,11.108,40,YES
18.9,0.062195152592967116,35.96,0.499,5.933,68.2,3.69,3.27,3.54,2.94,20.8,9.68,1,9.478,11.1512,43,YES
20.0,0.09298019476887417,35.96,0.499,5.841,61.4,3.39,3.28,3.62,3.22,20.8,11.41,0,7.5,15.16,39,YES
21.0,0.07709066236456363,35.96,0.499,5.85,41.5,3.98,3.75,4.12,3.89,20.8,8.77,1,8.12,10.168,21,YES
24.2,0.16131069988225022,35.96,0.499,5.966,30.2,4.15,3.66,4.04,3.54,20.8,10.13,1,8.184,10.1936,21,YES
30.8,0.027255180066451504,32.95,0.428,6.595,21.8,5.65,5.35,5.55,5.05,21.7,4.32,1,6.916,12.2464,49,YES
34.9,0.033038179076797375,32.95,0.428,7.024,15.8,5.63,5.31,5.53,5.14,21.7,1.98,1,6.198,15.2792,20,YES
26.6,0.11994957590111856,36.91,0.448,6.77,2.9,5.77,5.72,6.0,5.4,22.1,4.84,0,7.732,13.2128,30,YES
25.3,0.13234318698771314,36.91,0.448,6.169,6.6,5.93,5.46,5.88,5.62,22.1,5.81,0,8.106,15.2024,52,YES
24.7,0.1478681287245753,36.91,0.448,6.211,6.5,6.04,5.66,5.84,5.34,22.1,7.44,1,6.094,15.1976,56,YES
21.2,0.1157275913439704,36.91,0.448,6.069,40.0,5.81,5.51,5.9,5.67,22.1,9.55,0,9.024,12.1696,53,YES
19.3,0.1582166881149534,36.91,0.448,5.682,33.8,5.23,4.95,5.21,5.02,22.1,10.21,0,8.086,11.1544,21,YES
20.0,0.17257420533907467,36.91,0.448,5.786,33.3,5.25,5.0,5.4,4.75,22.1,14.15,1,9.3,12.16,39,YES
16.6,0.20642049726093958,36.91,0.448,6.03,85.5,5.83,5.64,5.75,5.54,22.1,18.8,1,5.332,12.1328,44,YES
14.4,0.22623476857524036,36.91,0.448,5.399,95.3,5.98,5.68,5.96,5.86,22.1,30.81,0,7.088,14.1152,34,YES
19.4,0.19866231638200693,36.91,0.448,5.602,62.0,6.11,5.9,6.3,6.04,22.1,16.2,0,5.988,13.1552,45,YES
19.7,0.08501187932583917,35.64,0.439,5.963,45.7,7.08,6.55,7.0,6.63,23.2,13.45,1,,11.1576,21,YES
20.5,0.042455859036392304,35.64,0.439,6.115,63.0,7.04,6.74,7.08,6.41,23.2,9.43,1,7.01,11.164,30,YES
25.0,0.052212871446934324,35.64,0.439,6.511,21.1,7.02,6.76,7.12,6.37,23.2,5.28,0,9.9,14.2,56,YES
23.4,0.048609195414622164,35.64,0.439,5.998,21.4,6.89,6.52,6.87,6.98,23.2,8.43,0,9.168,11.1872,41,YES
18.9,0.0135083500247923,34.0,0.41,5.888,47.6,7.4,7.27,7.6,7.0,18.9,14.8,1,8.678,15.1512,55,YES
35.4,0.013024807722689411,31.22,0.403,7.249,21.9,8.9,8.41,8.79,8.69,22.1,4.81,1,7.508,13.2832,50,YES
24.7,0.020341697657914628,30.74,0.41,6.383,35.7,9.32,8.93,9.43,9.07,22.7,5.77,1,5.794,15.1976,22,YES
31.6,0.01421843723755561,31.32,0.411,6.816,40.5,8.63,8.28,8.37,8.02,24.9,3.95,1,7.432,15.2528,45,YES
23.3,0.14362404008287546,35.13,0.453,6.145,29.2,7.98,7.77,8.07,7.44,20.3,6.86,0,7.866,14.1864,22,YES
19.6,0.09828756118394523,35.13,0.453,5.927,47.2,7.26,6.68,7.1,6.68,20.3,9.22,1,6.192,14.1568,20,YES
18.7,0.13917046313797135,35.13,0.453,5.741,66.2,7.33,7.16,7.53,6.88,20.3,13.15,0,7.974,11.1496,30,YES
16.0,0.15846422026338808,35.13,0.453,5.966,93.4,6.84,6.67,7.08,6.69,20.3,14.44,0,6.22,15.128,48,YES
22.2,0.10460322898864487,35.13,0.453,6.456,67.8,7.55,7.08,7.43,6.84,20.3,6.73,1,5.844,10.1776,56,YES
25.0,0.11911548089016212,35.13,0.453,6.762,43.4,8.23,7.69,8.1,7.91,20.3,9.5,1,5.9,13.2,28,YES
33.0,0.019322119714036953,31.38,0.4161,7.104,59.5,9.44,9.09,9.37,8.99,21.4,8.05,1,8.26,10.264,30,YES
23.5,0.03521269175574257,33.37,0.398,6.29,17.8,6.62,6.43,6.85,6.55,23.9,4.67,0,9.47,12.188,20,YES
19.4,0.04285831980190065,33.37,0.398,5.787,31.1,6.7,6.44,6.84,6.46,23.9,10.24,0,8.988,11.1552,44,YES
22.0,0.05627635827662477,36.07,0.409,5.878,21.4,6.64,6.4,6.52,6.43,21.1,8.1,1,7.14,13.176,29,YES
17.4,0.1271083087153749,36.07,0.409,5.594,36.8,6.51,6.17,6.54,6.77,21.1,13.09,0,8.848,15.1392,40,YES
20.9,0.12058798698859345,36.07,0.409,5.885,33.0,6.55,6.39,6.6,6.46,21.1,8.79,0,8.318,11.1672,56,YES
24.2,0.08458009047306331,40.81,0.413,6.417,6.6,5.52,5.07,5.59,4.96,20.8,6.72,1,9.784,14.1936,38,YES
21.7,0.14735046784990224,40.81,0.413,5.961,17.5,5.44,5.2,5.42,5.09,20.8,9.88,0,10.034,13.1736,46,YES
22.8,0.0876811526398337,40.81,0.413,6.065,7.8,5.46,4.96,5.61,5.12,20.8,5.52,0,5.856,10.1824,20,YES
23.4,0.17847249197232387,40.81,0.413,6.245,6.2,5.36,5.23,5.5,5.06,20.8,7.54,1,5.968,12.1872,45,YES
24.1,0.07599761422646503,42.83,0.437,6.273,6.0,4.54,3.95,4.57,3.95,21.3,6.78,0,7.882,10.1928,40,YES
21.4,0.09086394630511983,42.83,0.437,6.286,45.0,4.83,4.5,4.83,3.86,21.3,8.94,0,6.028,10.1712,28,YES
20.0,0.09670012247721355,42.83,0.437,6.279,74.5,4.33,3.72,4.26,3.9,21.3,11.97,0,7.3,12.16,22,YES
20.8,0.08348600348975031,42.83,0.437,6.14,45.8,4.32,4.06,4.26,3.72,21.3,10.27,1,5.916,11.1664,57,YES
21.2,0.0549236964958992,42.83,0.437,6.232,53.7,5.34,5.0,5.1,4.62,21.3,12.34,1,8.824,15.1696,53,YES
20.3,0.08053796962647095,42.83,0.437,5.874,36.6,4.53,4.23,4.82,4.43,21.3,9.1,0,6.406,15.1624,37,YES
28.0,0.04030666175913405,34.86,0.426,6.727,33.5,5.5,5.28,5.4,5.42,21.0,5.29,1,6.46,14.224,54,YES
23.9,0.04365318292140316,34.86,0.426,6.619,70.4,5.71,5.11,5.71,5.08,21.0,7.22,1,5.578,12.1912,49,YES
24.8,0.03593647980430549,34.86,0.426,6.302,32.2,5.53,5.19,5.47,5.42,21.0,6.72,0,6.096,10.1984,20,YES
22.9,0.03489405897732062,34.86,0.426,6.167,46.7,5.52,5.18,5.67,5.23,21.0,7.51,1,7.558,10.1832,34,YES
23.9,0.04935191112196908,34.49,0.449,6.389,48.0,4.97,4.71,4.99,4.45,21.5,9.62,0,6.678,14.1912,23,YES
26.6,0.05576577790585726,34.49,0.449,6.63,56.1,4.75,4.15,4.49,4.37,21.5,6.53,0,9.732,12.2128,56,YES
22.5,0.050579039368154007,34.49,0.449,6.015,45.1,4.62,4.16,4.49,4.44,21.5,12.86,1,5.95,11.18,50,YES
22.2,0.06906886859909774,34.49,0.449,6.121,56.8,3.93,3.74,3.84,3.48,21.5,8.44,1,7.244,12.1776,43,YES
23.6,0.05505620574807839,33.41,0.489,7.007,86.3,3.5,3.09,3.44,3.65,22.2,5.5,0,6.972,10.1888,28,YES
28.7,0.05166222632379377,33.41,0.489,7.079,63.1,3.66,3.38,3.73,2.89,22.2,5.7,1,7.574,15.2296,31,YES
22.6,0.04577610263658359,33.41,0.489,6.417,66.1,3.14,2.93,3.15,3.15,22.2,8.81,1,7.352,15.1808,58,YES
22.0,0.038566653148816694,33.41,0.489,6.405,73.9,3.16,2.95,3.41,2.85,22.2,8.2,0,8.24,13.176,23,YES
22.9,0.04117073370367661,45.04,0.464,6.442,53.6,3.96,3.41,3.97,3.32,21.8,8.16,0,9.158,14.1832,60,YES
25.0,0.028344473009142567,45.04,0.464,6.211,28.9,3.92,3.55,3.81,3.39,21.8,6.21,0,10.3,14.2,46,YES
20.6,0.04204364799767931,45.04,0.464,6.249,77.3,3.81,3.34,3.92,3.39,21.8,10.59,0,5.712,13.1648,54,YES
28.4,0.11514845708892203,32.89,0.445,6.625,57.8,3.57,3.23,3.76,3.42,22.0,6.65,0,9.968,14.2272,46,YES
21.4,0.10889027870807168,32.89,0.445,6.163,69.6,3.58,3.35,3.54,3.51,22.0,11.34,0,10.228,12.1712,21,YES
38.7,0.11406948227773035,32.89,0.445,8.069,76.0,3.7,3.32,3.57,3.39,22.0,4.21,1,6.274,12.3096,53,YES
43.8,0.0786910253316488,32.89,0.445,7.82,36.9,3.54,3.42,3.6,3.43,22.0,3.57,1,10.876,10.3504,25,YES
33.2,0.06634938054153391,32.89,0.445,7.416,62.5,3.83,3.36,3.67,3.13,22.0,6.19,0,6.564,13.2656,31,YES
27.5,0.13859604559025776,38.56,0.52,6.727,79.9,3.1,2.68,2.81,2.52,19.1,9.42,1,9.65,15.22,24,YES
26.5,0.10824435339763888,38.56,0.52,6.781,71.3,3.15,2.74,3.12,2.42,19.1,7.67,1,7.23,10.212,58,YES
18.6,0.20600553079810682,38.56,0.52,6.405,85.4,3.03,2.55,2.73,2.55,19.1,10.63,0,6.772,13.1488,57,YES
19.3,0.19195005368591098,38.56,0.52,6.137,87.4,2.97,2.42,2.88,2.58,19.1,13.44,1,6.886,14.1544,36,YES
20.1,0.13067732364161613,38.56,0.52,6.167,90.0,2.63,2.25,2.68,2.13,19.1,12.33,1,7.102,10.1608,20,YES
19.5,0.12453353302656033,38.56,0.52,5.851,96.7,2.19,1.95,2.13,2.15,19.1,16.47,1,7.89,13.156,57,YES
19.5,0.15802886422491008,38.56,0.52,5.836,91.9,2.37,2.07,2.48,1.92,19.1,18.66,1,10.29,14.156,20,YES
20.4,0.12325249529930257,38.56,0.52,6.127,85.2,2.35,1.95,2.17,2.02,19.1,14.09,1,6.008,14.1632,57,YES
19.8,0.12046388341513768,38.56,0.52,6.474,97.1,2.72,2.18,2.54,2.3,19.1,12.27,0,8.596,10.1584,48,YES
19.4,0.23398853135437198,38.56,0.52,6.229,91.2,2.57,2.28,2.88,2.45,19.1,15.55,1,9.788,14.1552,41,YES
21.7,0.10249340943404117,38.56,0.52,6.195,54.4,3.05,2.6,3.04,2.42,19.1,13.0,1,6.934,10.1736,37,YES
22.8,0.09607352474606413,40.01,0.547,6.715,81.6,2.81,2.63,3.0,2.26,22.2,10.16,1,5.656,13.1824,34,YES
18.8,0.11626187928444459,40.01,0.547,5.913,92.9,2.55,2.23,2.56,2.07,22.2,16.21,1,,15.1504,35,YES
18.7,0.2005870556007992,40.01,0.547,6.092,95.4,2.59,2.25,2.55,2.8,22.2,17.09,1,10.074,10.1496,59,YES
18.5,0.13305252798715142,40.01,0.547,6.254,84.2,2.54,2.14,2.29,2.05,22.2,10.45,0,6.67,12.148,39,YES
18.3,0.15814839260023492,40.01,0.547,5.928,88.2,2.56,2.41,2.72,2.16,22.2,15.76,0,7.566,11.1464,24,YES
21.2,0.12361488619930215,40.01,0.547,6.176,72.5,2.93,2.71,3.0,2.28,22.2,12.04,0,6.524,13.1696,23,YES
19.2,0.1406137533941645,40.01,0.547,6.021,82.6,2.77,2.49,2.92,2.81,22.2,10.3,0,9.484,15.1536,28,YES
20.4,0.12273077538031696,40.01,0.547,5.872,73.1,2.8,2.27,2.62,2.22,22.2,15.37,1,8.008,14.1632,40,YES
19.3,0.13519500804868875,40.01,0.547,5.731,65.2,2.96,2.52,2.92,2.63,22.2,13.61,1,10.186,11.1544,20,YES
22.0,0.0667142774622037,55.65,0.581,5.87,69.7,2.4,2.16,2.53,1.94,20.9,14.37,1,7.84,10.176,23,YES
20.3,0.06919951680100442,55.65,0.581,6.004,84.1,2.44,1.96,2.37,2.02,20.9,14.27,1,9.706,10.1624,39,YES
20.5,0.0889170600217153,55.65,0.581,5.961,92.9,2.34,1.85,2.27,1.9,20.9,17.93,1,8.91,10.164,51,YES
17.3,0.140092322576218,55.65,0.581,5.856,97.0,2.22,1.82,2.07,1.67,20.9,25.41,1,9.146,10.1384,51,YES
18.8,0.09393650947837953,55.65,0.581,5.879,95.8,2.21,1.74,2.2,1.88,20.9,17.58,0,6.276,13.1504,56,YES
21.4,0.15616579098344333,55.65,0.581,5.986,88.4,2.13,1.85,2.29,1.69,20.9,14.81,1,8.128,14.1712,22,YES
15.7,0.32739545268624176,55.65,0.581,5.613,95.6,1.93,1.52,1.8,1.77,20.9,27.26,0,7.714,10.1256,42,YES
16.2,0.23043689014167512,51.89,0.624,5.693,96.0,2.09,1.73,1.84,1.49,18.8,17.19,1,5.924,15.1296,31,YES
18.0,0.2817369350921531,51.89,0.624,6.431,98.8,1.96,1.61,1.92,1.77,18.8,15.39,0,8.16,14.144,41,YES
14.3,0.6319364495150489,51.89,0.624,5.637,94.7,2.3,1.88,2.1,1.65,18.8,18.34,1,7.886,10.1144,30,YES
19.2,0.2927143890798025,51.89,0.624,6.458,98.9,2.37,1.93,2.36,1.81,18.8,12.6,1,8.984,13.1536,25,YES
19.6,0.7852431092803438,51.89,0.624,6.326,97.7,2.54,2.03,2.42,2.09,18.8,12.26,1,7.592,12.1568,29,YES
23.0,0.46376546227858856,51.89,0.624,6.372,97.9,2.41,2.16,2.4,2.34,18.8,11.12,1,8.96,12.184,57,YES
18.4,0.2850435947287374,51.89,0.624,5.822,95.4,2.73,2.42,2.53,2.21,18.8,15.03,1,10.268,10.1472,58,YES
15.6,0.6811606280137663,51.89,0.624,5.757,98.4,2.35,2.28,2.53,2.23,18.8,17.31,0,9.012,11.1248,32,YES
18.1,0.4432617308027308,51.89,0.624,6.335,98.2,2.22,2.07,2.32,1.83,18.8,16.96,1,7.862,11.1448,37,YES
17.4,0.2796297392609526,51.89,0.624,5.942,93.5,2.26,1.84,2.18,1.59,18.8,16.9,0,10.148,10.1392,37,YES
17.1,0.30182903067763894,51.89,0.624,6.454,98.4,2.15,1.53,2.17,1.55,18.8,14.59,1,6.942,11.1368,40,YES
13.3,0.22298353851284428,51.89,0.624,5.857,98.2,1.89,1.41,1.84,1.53,18.8,21.32,0,8.066,14.1064,39,YES
17.8,0.4347131824671496,51.89,0.624,6.151,97.9,1.91,1.59,1.68,1.49,18.8,18.46,1,8.656,10.1424,29,YES
14.0,0.25533964953052657,51.89,0.624,6.174,93.6,1.86,1.54,1.87,1.18,18.8,24.16,0,5.68,10.112,28,YES
14.4,0.9664666021758895,51.89,0.624,5.019,100.0,1.63,1.32,1.71,1.1,18.8,34.41,1,9.988,12.1152,43,YES
13.4,1.4634984282783583,49.58,0.871,5.403,100.0,1.34,1.04,1.64,1.27,25.3,26.82,1,5.268,13.1072,42,YES
15.6,1.6287306058145095,49.58,0.871,5.468,100.0,1.64,1.2,1.58,1.23,25.3,26.42,1,7.312,13.1248,25,YES
11.8,1.3296552241970494,49.58,0.871,4.903,97.8,1.48,1.08,1.55,1.27,25.3,29.29,1,6.636,13.0944,52,YES
13.8,1.2176804241557975,49.58,0.871,6.13,100.0,1.69,1.26,1.72,1.01,25.3,27.8,1,7.776,10.1104,59,YES
15.6,1.1490043437281394,49.58,0.871,5.628,100.0,1.82,1.49,1.69,1.06,25.3,16.65,1,5.612,10.1248,32,YES
14.6,1.2145031649491107,49.58,0.871,4.926,95.7,1.77,1.36,1.66,1.05,25.3,29.53,0,6.892,11.1168,24,YES
17.8,1.2032695571055652,49.58,0.871,5.186,93.8,1.58,1.23,1.6,1.72,25.3,28.32,0,9.856,14.1424,43,YES
15.4,1.317472010807663,49.58,0.871,5.597,94.9,1.76,1.22,1.59,1.52,25.3,21.45,0,10.108,15.1232,48,YES
21.5,0.977047109716266,49.58,0.871,6.122,97.3,1.65,1.52,1.93,1.37,25.3,14.1,0,5.53,12.172,34,YES
19.6,0.9148176474178112,49.58,0.871,5.404,100.0,1.86,1.46,1.77,1.27,25.3,13.28,0,6.492,11.1568,42,YES
15.3,0.7545150555070919,49.58,0.871,5.012,88.0,1.82,1.56,1.9,1.16,25.3,12.12,1,5.406,10.1224,46,YES
19.4,1.1471421014887528,49.58,0.871,5.709,98.5,1.78,1.36,1.9,1.45,25.3,15.79,0,6.088,12.1552,58,YES
17.0,0.8812229832136547,49.58,0.871,6.129,96.0,1.77,1.47,1.97,1.78,25.3,15.12,0,7.44,15.136,48,YES
15.6,1.5118272886363335,49.58,0.871,6.152,82.6,1.88,1.45,1.92,1.74,25.3,15.02,0,9.912,11.1248,37,YES
13.1,1.2374114488766446,49.58,0.871,5.272,94.0,1.99,1.71,1.85,1.39,25.3,16.14,0,6.362,10.1048,60,YES
41.3,0.7991185096332699,49.58,0.605,6.943,97.4,1.99,1.76,1.92,1.84,25.3,4.59,1,8.226,13.3304,57,YES
24.3,0.8513638686748987,49.58,0.605,6.066,100.0,1.96,1.54,1.9,1.63,25.3,6.43,0,8.886,13.1944,46,YES
23.3,0.8858397717781171,49.58,0.871,6.51,100.0,1.84,1.69,1.98,1.56,25.3,7.39,1,7.166,12.1864,36,YES
27.0,0.8213029001101178,49.58,0.605,6.25,92.6,1.86,1.52,1.88,1.94,25.3,5.5,1,8.44,12.216,23,YES
50.0,0.9015262716731894,49.58,0.605,7.489,90.8,2.17,1.89,2.13,1.69,25.3,1.73,1,10.5,11.4,35,YES
50.0,1.0416079806003153,49.58,0.605,7.802,98.2,2.26,1.76,2.11,2.04,25.3,1.92,1,8.4,12.4,22,YES
50.0,0.923869936997549,49.58,0.605,8.375,93.9,2.26,1.94,2.4,2.05,25.3,3.32,1,8.0,12.4,57,YES
22.7,1.176301459715032,49.58,0.605,5.854,91.8,2.71,2.39,2.49,2.1,25.3,11.64,1,8.354,15.1816,56,YES
25.0,1.3671115417031166,49.58,0.605,6.101,93.0,2.37,2.28,2.59,1.89,25.3,9.81,1,10.0,12.2,22,YES
50.0,1.1020031996922046,49.58,0.605,7.929,96.2,2.11,1.91,2.31,1.86,25.3,3.7,1,8.3,15.4,37,YES
23.8,1.0297194121814914,49.58,0.605,5.877,79.2,2.69,2.21,2.58,2.22,25.3,12.14,1,10.076,10.1904,22,YES
23.8,1.194043673248051,49.58,0.605,6.319,96.1,2.29,2.04,2.24,1.83,25.3,11.1,0,6.676,11.1904,23,YES
22.3,1.2382379898788045,49.58,0.605,6.402,95.2,2.3,2.12,2.33,2.3,25.3,11.32,0,5.546,15.1784,22,YES
17.4,0.7918244127486899,49.58,0.605,5.875,94.6,2.7,2.42,2.72,1.86,25.3,14.43,0,7.948,11.1392,28,YES
19.1,1.1981257435340087,49.58,0.605,5.88,97.3,2.62,2.36,2.55,2.03,25.3,12.03,0,9.782,12.1528,54,YES
23.1,0.13027359174921224,34.05,0.51,5.572,88.5,2.7,2.54,2.73,2.42,23.4,14.69,0,9.362,12.1848,38,YES
23.6,0.08780939182440825,34.05,0.51,6.416,84.1,2.86,2.57,2.77,2.39,23.4,9.04,1,9.872,10.1888,59,YES
22.6,0.0810913883848885,34.05,0.51,5.859,68.7,2.84,2.7,3.03,2.24,23.4,9.64,1,9.752,15.1808,35,YES
29.4,0.06451352082506599,34.05,0.51,6.546,33.1,3.22,2.91,3.21,3.18,23.4,5.33,1,6.188,12.2352,48,YES
23.2,0.06786423481612991,34.05,0.51,6.02,47.2,3.75,3.41,3.78,3.28,23.4,10.11,1,8.564,15.1856,49,YES
24.6,0.052829613644532106,34.05,0.51,6.315,73.4,3.35,3.28,3.41,3.24,23.4,6.29,1,7.092,14.1968,31,YES
29.9,0.06430724439516698,34.05,0.51,6.86,74.4,3.19,2.75,3.21,2.5,23.4,6.92,0,5.898,11.2392,28,YES
37.2,0.05619127964974256,32.46,0.488,6.98,58.4,3.11,2.55,2.84,2.82,22.2,5.04,0,9.744,11.2976,50,YES
39.8,0.06380074905066183,32.46,0.488,7.765,83.3,2.98,2.66,2.96,2.36,22.2,7.56,1,8.496,14.3184,60,YES
36.2,0.06661137129850159,32.46,0.488,6.144,62.2,2.69,2.39,2.79,2.52,22.2,9.45,1,6.624,15.2896,59,YES
37.9,0.08712220418140294,32.46,0.488,7.155,92.2,2.72,2.65,2.92,2.5,22.2,4.82,1,9.258,15.3032,56,YES
32.5,0.0953829044325522,32.46,0.488,6.563,95.6,3.04,2.67,2.91,2.76,22.2,5.68,1,7.35,14.26,60,YES
26.4,0.07980883417341518,32.46,0.488,5.604,89.8,3.06,2.84,3.15,2.91,22.2,13.98,1,9.928,10.2112,27,YES
29.6,0.0587122060793317,32.46,0.488,6.153,68.8,3.43,3.05,3.5,3.14,22.2,13.15,1,8.192,11.2368,45,YES
50.0,0.054507124498661026,32.46,0.488,7.831,53.6,3.45,3.19,3.51,2.65,22.2,4.45,1,6.0,13.4,35,YES
32.0,0.07580296341550075,33.44,0.437,6.782,41.1,3.81,3.7,3.87,3.77,24.8,6.68,1,7.84,13.256,23,YES
29.8,0.11848501143594597,33.44,0.437,6.556,29.1,4.62,4.28,4.68,4.69,24.8,4.56,1,7.596,10.2384,40,YES
34.9,0.08038111194681236,33.44,0.437,7.185,38.9,4.83,4.43,4.68,4.33,24.8,5.39,0,9.298,14.2792,20,YES
33.0,0.08680135493654237,33.44,0.437,6.951,21.5,6.54,6.36,6.71,6.31,24.8,5.1,0,6.16,11.264,55,YES
30.5,0.06682652665553059,33.44,0.437,6.739,30.8,6.71,6.42,6.74,6.05,24.8,4.69,0,8.81,11.244,40,YES
36.4,0.08309036653209831,33.44,0.437,7.178,26.3,6.76,6.34,6.6,6.21,24.8,2.87,1,10.528,11.2912,40,YES
31.1,0.02163428212514976,32.93,0.401,6.8,9.9,6.46,6.13,6.45,5.84,24.4,5.03,0,6.822,13.2488,24,YES
29.1,0.014287446608069455,32.93,0.401,6.604,18.8,6.51,6.03,6.46,5.88,24.4,4.38,0,9.282,14.2328,59,YES
50.0,0.013715510885941319,30.46,0.422,7.875,32.0,5.81,5.53,5.76,5.5,25.6,2.97,1,8.2,14.4,26,YES
33.3,0.03932647679087991,31.52,0.404,7.287,34.1,7.58,7.2,7.51,6.95,27.4,4.08,1,7.266,15.2664,20,YES
30.3,0.045604141805015756,31.52,0.404,7.107,36.6,7.64,7.02,7.4,7.18,27.4,8.61,1,6.906,14.2424,24,YES
34.6,0.036987452050280534,31.52,0.404,7.274,38.3,7.53,7.22,7.46,7.03,27.4,6.62,0,10.192,14.2768,43,YES
34.9,0.03101405352916954,31.47,0.403,6.975,15.3,7.97,7.52,7.78,7.34,23.0,4.56,1,7.998,13.2792,24,YES
32.9,0.017623784753549334,31.47,0.403,7.135,13.9,7.79,7.63,7.97,7.22,23.0,4.45,0,5.958,10.2632,22,YES
24.1,0.03386988450761529,32.03,0.415,6.162,38.4,6.4,6.07,6.4,6.22,25.3,7.43,1,7.782,12.1928,32,YES
42.3,0.02153641753052468,32.03,0.415,7.61,15.7,6.35,6.09,6.53,6.1,25.3,3.11,0,10.546,14.3384,30,YES
48.5,0.034498040407567356,32.68,0.4161,7.853,33.2,5.37,5.03,5.3,4.77,25.3,3.81,0,8.77,11.388,22,YES
50.0,0.019890858697792706,32.68,0.4161,8.034,31.9,5.41,4.8,5.28,4.99,25.3,2.88,1,8.9,15.4,51,YES
22.6,0.12788297027984555,40.59,0.489,5.891,22.3,4.24,3.62,4.11,3.82,21.4,10.87,1,7.952,15.1808,26,YES
24.4,0.20676210509846782,40.59,0.489,6.326,52.5,4.63,4.24,4.47,4.09,21.4,10.97,1,6.688,11.1952,52,YES
22.5,0.22473428542556143,40.59,0.489,5.783,72.7,4.64,4.25,4.6,3.92,21.4,18.06,1,7.95,10.18,38,YES
24.4,0.1273988771308717,40.59,0.489,6.064,59.1,4.3,3.99,4.55,4.12,21.4,14.66,1,6.888,14.1952,31,YES
20.0,0.3616595003706893,40.59,0.489,5.344,100.0,3.95,3.86,4.14,3.55,21.4,23.09,0,7.9,13.16,60,YES
21.7,0.16080846749132485,40.59,0.489,5.96,92.1,3.91,3.63,3.96,4.0,21.4,17.27,1,8.034,12.1736,36,YES
19.3,0.31902084300745703,40.59,0.489,5.404,88.6,3.99,3.41,3.8,3.46,21.4,23.98,0,5.986,14.1544,39,YES
22.4,0.19654492343019744,40.59,0.489,5.807,53.8,3.66,3.58,3.8,3.57,21.4,16.03,1,6.848,13.1792,20,YES
28.1,0.13148429875689607,40.59,0.489,6.375,32.3,4.11,3.92,4.18,3.57,21.4,9.38,1,7.562,10.2248,3,YES
23.7,0.2542933203064257,40.59,0.489,5.412,9.8,3.68,3.48,3.67,3.53,21.4,29.55,1,5.674,11.1896,21,YES
25.0,0.18067019404472426,40.59,0.489,6.182,42.4,4.15,3.81,3.96,3.87,21.4,9.47,1,,12.2,30,YES
23.3,0.04459088332787522,43.89,0.55,5.888,56.0,3.44,2.97,3.43,2.61,23.6,13.51,1,5.466,12.1864,22,YES
28.7,0.06778013642095812,43.89,0.55,6.642,85.1,3.52,3.19,3.69,3.28,23.6,9.69,0,9.274,14.2296,23,YES
21.5,0.10498144381917446,43.89,0.55,5.951,93.8,2.92,2.88,3.08,2.68,23.6,17.92,1,8.73,14.172,49,YES
23.0,0.10818153284452811,43.89,0.55,6.373,92.4,3.65,3.25,3.37,3.19,23.6,10.5,1,6.16,13.184,21,YES
26.7,0.3060793008727377,36.2,0.507,6.951,88.5,3.03,2.72,3.03,2.66,22.6,9.71,0,8.734,11.2136,23,YES
21.7,0.341964270612869,36.2,0.507,6.164,91.3,3.31,3.04,3.16,2.68,22.6,21.46,1,5.734,14.1736,37,YES
27.5,0.48462126906911684,36.2,0.507,6.879,77.7,3.41,3.21,3.38,3.09,22.6,9.93,1,9.45,12.22,50,YES
30.1,0.47914918090543834,36.2,0.507,6.618,80.8,3.5,3.2,3.54,2.84,22.6,7.6,1,9.702,12.2408,39,YES
44.8,0.2740875847172426,36.2,0.504,8.266,78.3,2.96,2.73,3.13,2.76,22.6,4.14,1,6.796,12.3584,47,YES
50.0,0.42325918366642196,36.2,0.504,8.725,83.0,3.13,2.61,2.95,2.88,22.6,4.63,1,7.5,13.4,20,YES
37.6,0.323633022674933,36.2,0.504,8.04,86.5,3.49,2.96,3.31,3.1,22.6,3.13,1,5.952,10.3008,54,YES
31.6,0.34527622467730223,36.2,0.504,7.163,79.9,3.31,3.12,3.28,3.16,22.6,6.36,0,6.332,10.2528,34,YES
46.7,0.26097098661421536,36.2,0.504,7.686,17.0,3.55,3.3,3.61,3.05,22.6,3.92,1,10.134,14.3736,43,YES
31.5,0.3658784613426783,36.2,0.504,6.552,21.4,3.56,3.28,3.42,3.23,22.6,3.76,1,7.33,15.252,47,YES
24.3,0.42983246455645874,36.2,0.504,5.981,68.1,3.97,3.38,3.88,3.47,22.6,11.65,0,8.286,10.1944,59,YES
31.7,0.38046178058424046,36.2,0.504,7.412,76.9,3.88,3.34,3.87,3.6,22.6,5.25,1,6.734,10.2536,26,YES
41.7,0.45443938231243064,36.2,0.507,8.337,73.3,4.06,3.82,3.9,3.58,22.6,2.47,1,6.634,11.3336,28,YES
48.3,0.28628359503792583,36.2,0.507,8.247,70.4,3.82,3.49,3.74,3.55,22.6,3.95,1,9.066,11.3864,23,YES
29.0,0.3701211373357089,36.2,0.507,6.726,66.5,3.67,3.38,3.97,3.59,22.6,8.05,1,9.88,13.232,32,YES
24.0,0.2855172308722697,36.2,0.507,6.086,61.5,3.91,3.39,3.81,3.49,22.6,10.88,1,9.18,14.192,57,YES
25.1,0.41909184102282127,36.2,0.507,6.631,76.5,4.46,3.9,4.2,4.03,22.6,9.54,1,9.402,15.2008,36,YES
31.5,0.4133208375737469,36.2,0.507,7.358,71.6,4.24,3.82,4.33,4.2,22.6,4.73,1,10.53,12.252,34,YES
23.7,0.07921775210662894,34.93,0.428,6.481,18.5,6.26,6.12,6.45,5.93,23.4,6.36,1,7.374,12.1896,48,YES
23.3,0.0884869544561993,34.93,0.428,6.606,42.2,6.25,6.11,6.41,5.99,23.4,7.37,0,5.566,15.1864,51,YES
27.0,0.10731959540732408,34.93,0.428,6.897,54.3,6.49,6.13,6.4,6.32,23.4,11.38,1,10.24,11.216,24,YES
20.1,0.10085839631038274,34.93,0.428,6.095,65.1,6.43,6.08,6.63,6.2,23.4,12.4,0,8.302,13.1608,41,YES
22.2,0.09794307432996417,34.93,0.428,6.358,52.9,7.11,6.81,7.19,7.03,23.4,11.22,1,6.044,10.1776,42,YES
23.7,0.1200648747247548,34.93,0.428,6.393,7.8,7.06,6.97,7.13,6.99,23.4,5.19,1,7.374,15.1896,26,YES
17.6,0.1873754310966336,35.86,0.431,5.593,76.5,8.15,7.62,8.12,7.93,20.9,12.5,0,6.252,12.1408,42,YES
18.5,0.17507033007976175,35.86,0.431,5.605,70.2,8.28,7.83,8.28,7.43,20.9,18.46,1,9.27,10.148,59,YES
24.3,0.29254274024304827,35.86,0.431,6.108,34.9,8.37,7.78,8.38,7.69,20.9,9.16,1,7.086,11.1944,25,YES
20.5,0.17945913062491262,35.86,0.431,6.226,79.2,8.17,7.99,8.3,7.76,20.9,10.15,0,9.81,12.164,31,YES
24.5,0.15219734473840293,35.86,0.431,6.433,49.1,8.05,7.74,7.89,7.63,20.9,9.52,1,8.39,15.196,43,YES
26.2,0.17456656442088758,35.86,0.431,6.718,17.5,8.08,7.6,8.08,7.54,20.9,6.56,1,9.324,11.2096,39,YES
24.4,0.13129138568117577,35.86,0.431,6.487,13.0,7.5,7.32,7.63,7.14,20.9,5.9,1,6.188,14.1952,38,YES
24.8,0.19399482498004614,35.86,0.431,6.438,8.9,7.43,7.18,7.41,7.57,20.9,3.59,0,10.296,12.1984,50,YES
29.6,0.07900524661995376,35.86,0.431,6.957,6.8,9.18,8.85,9.1,8.49,20.9,3.53,0,8.992,12.2368,57,YES
42.8,0.31403671773445885,35.86,0.431,8.259,8.4,9.03,8.89,9.07,8.64,20.9,3.54,0,10.856,13.3424,53,YES
21.9,0.04706486717633031,33.64,0.392,6.108,32.0,9.39,9.01,9.31,9.16,23.6,6.57,0,6.538,12.1752,56,YES
20.9,0.034865087326079354,33.64,0.392,5.876,19.1,9.23,9.11,9.48,9.06,23.6,9.25,0,7.818,15.1672,31,YES
44.0,0.01526292666591232,33.75,0.394,7.454,34.2,6.66,6.03,6.67,5.98,24.1,3.11,0,6.68,13.352,38,YES
50.0,0.47719024356009226,33.97,0.647,8.704,86.9,2.09,1.53,1.83,1.76,27.0,5.12,1,8.6,11.4,54,YES
36.0,0.508929827880027,33.97,0.647,7.333,100.0,2.2,1.74,2.02,1.61,27.0,7.79,1,8.02,15.288,58,YES
30.1,0.5047974910276488,33.97,0.647,6.842,100.0,2.2,1.82,2.32,1.71,27.0,6.9,1,7.302,11.2408,40,YES
33.8,0.43185384244606734,33.97,0.647,7.203,81.8,2.12,1.95,2.37,2.01,27.0,9.59,1,,11.2704,21,YES
43.1,0.4279569267433913,33.97,0.647,7.52,89.4,2.4,2.0,2.15,2.0,27.0,7.26,1,6.662,11.3448,24,YES
48.8,0.4188024358799136,33.97,0.647,8.398,91.5,2.55,2.04,2.39,2.17,27.0,5.91,1,10.076,15.3904,24,YES
31.0,0.6017224426405978,33.97,0.647,7.327,94.5,2.41,2.02,2.21,1.68,27.0,11.25,1,5.72,11.248,60,YES
36.5,0.43830009120173735,33.97,0.647,7.206,91.6,1.96,1.91,2.22,1.63,27.0,8.1,1,8.53,14.292,36,YES
22.8,0.5662338402369981,33.97,0.647,5.56,62.8,2.1,1.97,2.06,1.81,27.0,10.45,0,7.456,13.1824,59,YES
30.7,0.5798104952209419,33.97,0.647,7.014,84.6,2.22,1.86,2.36,2.09,27.0,14.79,0,6.114,10.2456,41,YES
50.0,0.4563736618258476,33.97,0.575,8.297,67.0,2.6,2.13,2.43,2.52,27.0,7.44,1,8.0,15.4,42,YES
43.5,0.43210703905458553,33.97,0.575,7.47,52.6,3.17,2.62,2.98,2.71,27.0,3.16,0,9.07,15.348,43,YES
20.7,0.08677384878203838,36.96,0.464,5.92,61.5,4.22,3.63,3.97,3.85,21.4,13.65,0,10.414,14.1656,29,YES
21.1,0.261717901773971,36.96,0.464,5.856,42.1,4.66,4.21,4.51,4.34,21.4,13.0,1,6.222,15.1688,27,YES
25.2,0.15023731832110337,36.96,0.464,6.24,16.3,4.56,4.37,4.69,4.1,21.4,6.59,0,6.604,10.2016,25,YES
24.4,0.10849559615329896,36.96,0.464,6.538,58.7,4.01,3.63,4.12,3.91,21.4,7.73,1,8.488,13.1952,40,YES
35.2,0.20039065625483235,36.96,0.464,7.691,51.8,4.53,4.1,4.48,4.36,21.4,6.58,1,6.004,10.2816,39,YES
32.4,0.054904765169286,36.41,0.447,6.758,32.9,4.2,3.98,4.38,3.76,22.4,3.53,0,10.648,12.2592,30,YES
32.0,0.09170368421021308,36.41,0.447,6.854,42.8,4.28,4.1,4.54,4.15,22.4,2.98,1,8.84,12.256,23,YES
33.2,0.0995647526237456,36.41,0.447,7.267,49.0,4.94,4.68,4.97,4.56,22.4,6.05,0,8.564,11.2656,35,YES
33.1,0.05946630416666647,36.41,0.447,6.826,27.6,5.14,4.84,4.92,4.55,22.4,4.16,0,6.262,11.2648,21,YES
29.1,0.07675731668200712,36.41,0.447,6.482,32.1,4.22,4.08,4.4,3.85,22.4,7.19,1,6.282,10.2328,38,YES
35.1,0.19093435989217727,33.33,0.4429,6.812,32.2,4.35,3.92,4.22,3.91,25.1,4.85,0,9.602,12.2808,26,YES
45.4,0.03515476607437538,33.33,0.4429,7.82,64.5,4.98,4.67,4.84,4.29,25.1,3.76,0,7.108,10.3632,50,YES
35.4,0.036380144092750526,33.33,0.4429,6.968,37.2,5.55,4.92,5.57,4.94,25.1,4.59,1,8.508,14.2832,48,YES
46.0,0.05948514933476605,33.33,0.4429,7.645,49.7,5.46,4.94,5.43,5.01,25.1,3.01,1,8.72,12.368,25,YES
50.0,0.014898464661966622,31.21,0.401,7.923,24.8,6.15,5.84,5.97,5.58,26.4,3.16,1,8.7,13.4,20,YES
32.2,0.009019204420159998,32.97,0.4,7.088,20.8,7.44,7.0,7.64,7.15,24.7,7.85,1,7.844,12.2576,30,YES
22.0,0.010900374468288333,32.25,0.389,6.453,31.9,7.33,7.11,7.48,7.31,24.7,8.23,1,10.44,14.176,55,YES
20.1,0.019459431156219023,31.76,0.385,6.23,31.5,9.21,8.92,9.41,8.81,21.8,12.93,1,8.302,10.1608,39,YES
23.2,0.03797955862417438,35.32,0.405,6.209,31.3,7.45,7.2,7.58,7.05,23.4,7.14,1,9.964,14.1856,60,YES
22.3,0.0448777587780855,35.32,0.405,6.315,45.6,7.63,7.04,7.46,7.14,23.4,7.6,0,5.846,12.1784,22,YES
24.8,0.04207241242184147,35.32,0.405,6.565,22.9,7.33,6.99,7.45,7.5,23.4,9.51,0,9.096,14.1984,60,YES
28.5,0.0344207502021303,34.95,0.411,6.861,27.9,5.22,4.82,5.16,5.27,20.8,3.33,1,8.07,11.228,53,YES
37.3,0.07590492808946418,34.95,0.411,7.148,27.7,5.12,4.97,5.41,4.97,20.8,3.56,1,8.146,10.2984,37,YES
27.9,0.03551192100135947,34.95,0.411,6.63,23.4,5.25,5.04,5.37,4.81,20.8,4.7,0,8.458,12.2232,37,YES
23.9,0.07941173942416178,43.92,0.437,6.127,18.4,5.76,5.39,5.67,5.2,24.0,8.58,1,7.278,14.1912,46,YES
21.7,0.07880193823740346,43.92,0.437,6.009,42.3,5.54,5.47,5.56,5.44,24.0,10.4,0,8.834,11.1736,23,YES
28.6,0.12161568167655962,43.92,0.437,6.678,31.1,6.2,5.73,6.07,5.84,24.0,6.27,1,6.972,10.2288,44,YES
27.1,0.05232676017776742,43.92,0.437,6.549,51.0,6.22,5.75,6.27,5.61,24.0,7.39,0,10.442,10.2168,26,YES
20.3,0.13193136325997015,43.92,0.437,5.79,58.0,6.56,6.3,6.35,6.07,24.0,15.84,1,7.606,11.1624,42,YES
22.5,0.06265549936434223,32.24,0.4,6.345,20.1,8.0,7.67,8.03,7.61,25.2,4.97,0,9.45,13.18,48,YES
29.0,0.05411879888749596,32.24,0.4,7.041,10.0,7.84,7.81,8.11,7.56,25.2,4.74,1,7.98,11.232,36,YES
24.8,0.04322231145326903,32.24,0.4,6.871,47.4,8.09,7.68,7.89,7.65,25.2,6.07,1,9.096,11.1984,29,YES
22.0,0.034758850756454795,36.09,0.433,6.59,40.4,5.63,5.2,5.5,5.65,23.9,9.5,1,9.94,12.176,21,YES
26.4,0.08861509035364626,36.09,0.433,6.495,18.4,5.8,5.2,5.68,5.28,23.9,8.67,1,7.928,11.2112,42,YES
33.1,0.09531017980432493,36.09,0.433,6.982,17.7,5.81,5.36,5.51,5.29,23.9,4.86,0,8.262,14.2648,34,YES
36.1,0.053682936916184865,32.18,0.472,7.236,41.1,4.1,3.96,4.09,3.94,21.6,6.93,0,6.922,10.2888,55,YES
28.4,0.05334169498182321,32.18,0.472,6.616,58.1,3.63,3.05,3.65,3.15,21.6,8.93,0,6.568,15.2272,22,YES
33.4,0.07234856816697781,32.18,0.472,7.42,71.9,3.31,2.92,3.28,2.89,21.6,6.47,1,10.668,12.2672,23,YES
28.2,0.04814233532601417,32.18,0.472,6.849,70.3,3.28,2.89,3.31,3.25,21.6,7.53,1,10.464,12.2256,46,YES
22.8,0.4007741226200408,39.9,0.544,6.635,82.5,3.57,3.24,3.41,3.05,21.6,4.54,0,7.156,11.1824,31,YES
20.3,0.2996600492111879,39.9,0.544,5.972,76.7,3.4,2.91,3.28,2.82,21.6,9.97,1,10.106,11.1624,51,YES
16.1,1.290741151786282,39.9,0.544,4.973,37.8,2.63,2.28,2.63,2.53,21.6,12.64,0,7.322,11.1288,27,YES
22.1,0.582444643903983,39.9,0.544,6.122,52.8,2.89,2.34,2.77,2.55,21.6,5.98,1,8.242,15.1768,46,YES
19.4,0.2324520921057716,39.9,0.544,6.023,90.4,3.0,2.67,3.15,2.51,21.6,11.72,1,6.288,13.1552,26,YES
21.6,0.23852859229108628,39.9,0.544,6.266,82.8,3.38,2.98,3.41,3.28,21.6,7.9,1,8.832,14.1728,33,YES
23.8,0.3142266276738932,39.9,0.544,6.567,87.3,3.92,3.31,3.8,3.39,21.6,9.28,1,9.576,13.1904,56,YES
16.2,0.22598750344594104,39.9,0.544,5.705,77.7,4.02,3.8,4.11,3.85,21.6,11.5,0,6.724,12.1296,58,YES
17.8,0.2763202709424078,39.9,0.544,5.914,83.2,4.2,3.82,4.08,3.89,21.6,18.33,0,7.256,12.1424,43,YES
19.8,0.21931222113316776,39.9,0.544,5.782,71.7,4.13,3.94,4.34,3.73,21.6,15.94,0,9.796,12.1584,50,YES
23.1,0.33791405384588485,39.9,0.544,6.382,67.2,3.8,3.35,3.58,3.4,21.6,10.36,0,5.562,10.1848,53,YES
21.0,0.38897658310334066,39.9,0.544,6.113,58.8,4.07,3.86,4.24,3.84,21.6,12.73,0,10.32,12.168,36,YES
23.8,0.1549503599978226,37.38,0.493,6.426,52.3,4.74,4.32,4.77,4.34,20.4,7.2,1,6.776,13.1904,48,YES
23.1,0.16686098909834052,37.38,0.493,6.376,54.3,4.85,4.38,4.81,4.12,20.4,6.87,1,7.762,14.1848,40,YES
20.4,0.3009486805521662,37.38,0.493,6.041,49.9,4.93,4.43,4.87,4.66,20.4,7.7,0,8.908,13.1632,40,YES
18.5,0.24991789803076367,37.38,0.493,5.708,74.3,4.91,4.6,4.9,4.47,20.4,11.74,1,6.57,15.148,25,YES
25.0,0.2934827161414511,37.38,0.493,6.415,40.1,5.0,4.5,5.02,4.36,20.4,6.12,0,8.6,15.2,52,YES
24.6,0.17551511208097648,37.38,0.493,6.431,14.7,5.51,5.1,5.57,5.49,20.4,5.08,0,7.992,15.1968,45,YES
23.0,0.26502993916684725,37.38,0.493,6.312,28.9,5.47,5.09,5.71,5.4,20.4,6.15,1,7.06,12.184,36,YES
22.2,0.21594167998346542,37.38,0.493,6.083,43.7,5.59,5.38,5.48,5.21,20.4,12.79,0,9.044,15.1776,27,YES
19.3,0.06407278770058897,33.24,0.46,5.868,25.8,5.42,5.06,5.47,4.92,23.1,9.97,1,9.986,10.1544,35,YES
22.6,0.06507587673618766,33.24,0.46,6.333,17.2,5.36,5.08,5.45,4.97,23.1,7.34,0,5.552,14.1808,53,YES
19.8,0.044437849430568215,33.24,0.46,6.144,32.2,6.02,5.55,5.9,6.03,23.1,9.09,0,9.396,11.1584,26,YES
17.1,0.049009187801052775,36.06,0.4379,5.706,28.4,6.67,6.56,6.66,6.67,23.1,12.43,0,6.742,14.1368,21,YES
19.4,0.03407287033313533,36.06,0.4379,6.031,23.3,6.95,6.58,6.8,6.23,23.1,7.83,1,7.488,14.1552,22,YES
22.2,0.049580328098150425,35.19,0.515,6.316,38.1,6.76,6.2,6.53,6.34,19.8,5.68,0,9.144,11.1776,34,YES
20.7,0.036698303782673684,35.19,0.515,6.31,38.5,6.52,6.34,6.69,6.29,19.8,6.75,1,7.514,15.1656,53,YES
21.1,0.038845642823198155,35.19,0.515,6.037,34.5,6.26,5.7,6.27,5.71,19.8,8.01,1,8.922,14.1688,57,YES
19.5,0.03369586385672555,35.19,0.515,5.869,46.3,5.5,4.91,5.5,5.01,19.8,9.8,0,10.09,15.156,53,YES
18.5,0.029956781289803357,35.19,0.515,5.895,59.6,5.86,5.49,5.68,5.43,19.8,10.56,1,8.27,12.148,21,YES
20.6,0.032525271703396925,35.19,0.515,6.059,37.3,4.91,4.52,5.07,4.75,19.8,8.51,1,8.112,14.1648,26,YES
19.0,0.05351233050476119,35.19,0.515,5.985,45.4,4.89,4.64,5.05,4.67,19.8,9.74,0,6.38,11.152,28,YES
18.7,0.059692422747982116,35.19,0.515,5.968,58.5,5.06,4.76,4.97,4.46,19.8,9.29,1,6.474,13.1496,20,YES
32.7,0.012926096886133642,31.52,0.442,7.241,49.3,7.32,6.96,7.18,6.69,24.5,5.49,1,6.254,13.2616,48,YES
16.5,0.024673100204884196,31.89,0.518,6.54,59.7,6.46,6.21,6.59,5.81,24.1,8.65,1,7.33,11.132,40,YES
23.9,0.025112036814854896,33.78,0.484,6.696,56.4,6.03,5.62,5.84,5.44,22.4,7.18,1,8.978,15.1912,52,YES
31.2,0.030034417274120925,33.78,0.484,6.874,28.1,6.71,6.18,6.67,6.3,22.4,4.61,0,10.624,11.2496,23,YES
17.5,0.030655288259616963,34.39,0.442,6.014,48.5,8.24,7.91,8.23,7.67,21.2,10.53,1,7.15,13.14,26,YES
17.2,0.05979604334596573,34.39,0.442,5.898,52.3,8.07,7.85,8.33,7.81,21.2,12.67,0,6.044,13.1376,46,YES
23.1,0.01852730461388356,34.15,0.429,6.516,27.7,8.87,8.29,8.58,8.41,22.1,6.36,1,8.162,12.1848,47,YES
24.5,0.014898464661966622,32.01,0.435,6.635,29.7,8.62,8.18,8.54,8.03,23.0,5.99,1,6.29,13.196,45,YES
26.6,0.028577738631707397,31.25,0.429,6.939,34.5,8.88,8.54,8.97,8.79,20.3,5.89,1,5.632,11.2128,30,YES
22.9,0.06025749561032615,31.25,0.429,6.49,44.4,9.0,8.63,9.11,8.43,20.3,5.98,0,7.258,15.1832,55,YES
24.1,0.0764979709727249,31.69,0.411,6.579,35.9,10.98,10.43,10.85,10.59,21.7,5.49,1,5.582,10.1928,45,YES
18.6,0.06993642619916392,31.69,0.411,5.884,18.5,10.83,10.55,10.97,10.5,21.7,7.79,1,7.372,11.1488,50,YES
30.1,0.016945608726141773,32.02,0.41,6.728,36.1,12.32,11.93,12.32,11.94,23.0,4.5,1,6.102,12.2408,40,YES
18.2,0.04211076370038195,31.91,0.413,5.663,21.9,10.76,10.37,10.76,10.45,18.0,8.05,0,8.764,12.1456,34,YES
20.6,0.101283214752084,31.91,0.413,5.936,19.5,10.82,10.5,10.62,10.4,18.0,5.57,0,9.312,13.1648,53,YES
17.8,2.3008796395346813,48.1,0.77,6.212,97.4,2.16,1.81,2.43,2.09,19.8,17.6,0,5.956,14.1424,39,YES
21.7,1.578916847366148,48.1,0.77,6.395,91.0,2.83,2.45,2.62,2.12,19.8,13.27,0,7.034,13.1736,56,YES
22.7,1.8248347351792473,48.1,0.77,6.127,83.4,2.96,2.4,2.9,2.63,19.8,11.48,0,6.354,15.1816,42,YES
22.6,1.6603800451716153,48.1,0.77,6.112,81.3,2.78,2.38,2.56,2.31,19.8,12.67,0,,14.1808,26,YES
25.0,1.7123410111146564,48.1,0.77,6.398,88.0,2.73,2.42,2.69,2.23,19.8,7.79,0,8.8,10.2,37,YES
19.9,1.5762616149393935,48.1,0.77,6.251,91.1,2.58,1.98,2.3,2.32,19.8,14.19,1,8.898,13.1592,56,YES
20.8,1.5429176957008952,48.1,0.77,5.362,96.2,2.27,1.8,2.21,2.14,19.8,10.19,0,8.016,14.1664,52,YES
16.8,1.6529551515173315,48.1,0.77,5.803,89.0,1.98,1.7,1.97,1.97,19.8,14.64,1,9.736,15.1344,57,YES
21.9,1.4983454449272653,48.1,0.718,8.78,82.9,1.97,1.71,1.92,2.02,19.8,5.29,0,8.038,12.1752,26,YES
27.5,1.7148550264902072,48.1,0.718,3.561,87.9,1.63,1.55,1.68,1.59,19.8,7.12,1,8.05,12.22,51,YES
21.9,1.5469133618955864,48.1,0.718,4.963,91.4,2.08,1.55,1.86,1.51,19.8,14.0,0,10.238,14.1752,58,YES
23.1,2.675678513070904,48.1,0.631,3.863,100.0,1.53,1.39,1.54,1.57,19.8,13.33,0,9.962,11.1848,24,YES
50.0,1.7746506104773532,48.1,0.631,4.97,100.0,1.47,1.11,1.52,1.23,19.8,3.26,0,9.7,13.4,41,YES
50.0,1.8976168614222872,48.1,0.631,6.683,96.8,1.55,1.28,1.65,0.94,19.8,3.73,1,6.7,15.4,58,YES
50.0,2.020057712262034,48.1,0.631,7.016,97.5,1.4,0.92,1.2,1.28,19.8,2.96,1,10.1,12.4,46,YES
50.0,2.3255493836278043,48.1,0.631,6.216,100.0,1.38,0.95,1.36,0.99,19.8,9.53,1,9.8,13.4,25,YES
50.0,2.226486679687524,48.1,0.668,5.875,89.6,1.13,1.01,1.25,1.12,19.8,8.88,1,10.8,12.4,57,YES
13.8,2.493874650127679,48.1,0.668,4.906,100.0,1.48,0.99,1.28,0.95,19.8,34.77,1,6.876,13.1104,56,YES
13.8,2.970322153616776,48.1,0.668,4.138,100.0,1.46,1.04,1.15,0.9,19.8,37.97,0,7.076,13.1104,35,YES
15.0,3.0257327258266167,48.1,0.671,7.313,97.9,1.62,1.31,1.61,0.73,19.8,13.44,0,8.9,15.12,45,YES
13.9,2.7904286403681122,48.1,0.671,6.649,93.3,1.65,1.11,1.37,1.25,19.8,23.24,1,9.478,15.1112,26,YES
13.3,2.381718772241792,48.1,0.671,6.794,98.8,1.57,1.07,1.52,1.27,19.8,21.24,1,6.066,14.1064,22,YES
13.1,3.204703875510067,48.1,0.671,6.38,96.2,1.52,1.22,1.53,1.27,19.8,23.69,1,9.262,14.1048,54,YES
10.2,2.937398463323919,48.1,0.671,6.223,100.0,1.48,1.13,1.48,1.46,19.8,21.78,0,7.904,11.0816,46,YES
10.4,4.4995451909142234,48.1,0.671,6.968,91.9,1.66,1.14,1.69,1.18,19.8,17.21,1,9.408,14.0832,21,YES
10.9,2.825797680570924,48.1,0.671,6.545,99.1,1.78,1.3,1.64,1.35,19.8,21.08,0,8.618,10.0872,60,YES
11.3,2.321114360892544,48.1,0.7,5.536,100.0,1.9,1.55,1.72,1.14,19.8,23.6,1,8.226,11.0904,46,YES
12.3,2.19638867250955,48.1,0.7,5.52,100.0,1.71,1.33,1.72,1.38,19.8,24.56,0,6.746,15.0984,41,YES
8.8,3.04855714447919,48.1,0.7,4.368,91.2,1.5,1.34,1.48,1.44,19.8,30.63,0,5.676,14.0704,25,YES
7.2,2.879861159011059,48.1,0.7,5.277,98.1,1.46,1.23,1.62,1.4,19.8,30.81,0,10.144,13.0576,36,YES
10.5,3.2345050497403935,48.1,0.7,4.652,100.0,1.71,1.36,1.72,1.08,19.8,28.28,1,7.71,15.084,34,YES
7.4,3.1611238231251,48.1,0.7,5.0,89.5,1.79,1.48,1.77,1.04,19.8,31.99,0,8.348,15.0592,54,YES
10.2,2.730053020578551,48.1,0.7,4.88,100.0,1.77,1.37,1.65,1.57,19.8,30.62,0,6.104,10.0816,25,YES
11.5,2.213944025142987,48.1,0.7,5.39,98.9,2.0,1.5,1.95,1.47,19.8,20.85,0,6.03,12.092,51,YES
15.1,2.0746990638882306,48.1,0.7,5.713,97.0,2.2,1.71,2.23,1.56,19.8,17.11,1,9.702,11.1208,20,YES
23.2,1.8394458498493202,48.1,0.7,6.051,82.5,2.17,1.91,2.48,2.12,19.8,18.76,1,9.664,10.1856,53,YES
9.7,2.531941305700138,48.1,0.7,5.036,97.0,1.98,1.75,1.93,1.42,19.8,25.68,0,5.494,14.0776,51,YES
13.8,2.266414762688843,48.1,0.693,6.193,92.6,1.89,1.66,2.09,1.53,19.8,15.17,0,9.076,14.1104,55,YES
12.7,2.6644326359464867,48.1,0.693,5.887,94.7,1.99,1.54,2.06,1.54,19.8,16.35,0,6.754,15.1016,40,YES
13.1,2.273851200420946,48.1,0.693,6.471,98.8,2.04,1.48,1.83,1.55,19.8,17.12,0,5.762,15.1048,29,YES
12.5,1.9274624605576969,48.1,0.693,6.405,96.0,1.77,1.64,1.8,1.49,19.8,19.37,1,5.45,11.1,24,YES
8.5,2.160101750967694,48.1,0.693,5.747,98.9,1.73,1.54,1.75,1.52,19.8,19.92,0,9.27,14.068,22,YES
5.0,3.672541717146316,48.1,0.693,5.453,100.0,1.57,1.26,1.79,1.34,19.8,30.59,0,9.3,13.04,26,YES
6.3,2.390279986333144,48.1,0.693,5.852,77.8,1.7,1.24,1.72,1.34,19.8,29.97,0,6.726,14.0504,42,YES
5.6,3.2598680448992714,48.1,0.693,5.987,100.0,1.73,1.38,1.92,1.33,19.8,26.77,1,9.212,11.0448,30,YES
7.2,2.7236741753351374,48.1,0.693,6.343,100.0,1.76,1.34,1.81,1.39,19.8,20.32,1,7.344,10.0576,50,YES
12.1,2.360449202216868,48.1,0.693,6.404,100.0,1.66,1.36,1.77,1.76,19.8,20.31,0,5.442,14.0968,42,YES
8.3,3.250440381229692,48.1,0.693,5.349,96.0,1.75,1.38,1.88,1.8,19.8,19.77,1,,15.0664,40,YES
8.5,3.7501908988370403,48.1,0.693,5.531,85.4,1.9,1.56,1.63,1.34,19.8,27.38,0,8.47,11.068,56,YES
5.0,4.232958019253417,48.1,0.693,5.683,100.0,1.53,1.19,1.44,1.54,19.8,22.98,1,7.3,14.04,38,YES
11.9,3.0780585258000213,48.1,0.659,4.138,100.0,1.46,1.01,1.4,0.84,19.8,23.34,1,8.538,14.0952,53,YES
27.9,2.5611807266231144,48.1,0.659,5.608,100.0,1.46,1.08,1.39,1.22,19.8,12.13,1,6.658,13.2232,26,YES
17.2,2.1286946938918567,48.1,0.597,5.617,97.9,1.53,1.35,1.57,1.37,19.8,26.4,0,6.444,12.1376,25,YES
27.5,2.736851434907838,48.1,0.597,6.852,100.0,1.52,1.28,1.48,1.58,19.8,19.78,1,7.65,14.22,57,YES
15.0,3.9538518529018067,48.1,0.597,5.757,100.0,1.69,1.32,1.58,1.06,19.8,10.11,0,9.6,11.12,52,YES
17.2,2.7114245017411593,48.1,0.597,6.657,100.0,1.56,1.41,1.66,1.48,19.8,21.22,0,9.644,14.1376,44,YES
17.9,2.9862373389921895,48.1,0.597,4.628,100.0,1.77,1.54,1.78,1.13,19.8,34.37,0,8.358,15.1432,40,YES
16.3,3.3896577218278483,48.1,0.597,5.155,100.0,1.84,1.37,1.61,1.53,19.8,20.08,0,6.626,14.1304,58,YES
7.0,3.844730829794956,48.1,0.693,4.519,100.0,1.74,1.5,1.9,1.49,19.8,36.98,1,6.04,12.056,40,YES
7.2,2.9488817271093315,48.1,0.679,6.434,100.0,1.88,1.75,1.84,1.87,19.8,29.05,0,8.644,11.0576,59,YES
7.5,2.4709936445680034,48.1,0.679,6.782,90.8,1.9,1.54,2.04,1.8,19.8,25.79,1,,10.06,35,YES
10.4,3.293634442449129,48.1,0.679,5.304,89.1,1.73,1.39,1.81,1.67,19.8,26.64,1,8.608,15.0832,60,YES
8.8,4.3112567387853336,48.1,0.679,5.957,100.0,1.96,1.69,1.85,1.7,19.8,20.62,0,8.476,12.0704,52,YES
8.4,2.5504056470206957,48.1,0.718,6.824,76.5,2.05,1.79,2.08,1.25,19.8,22.74,0,5.968,13.0672,26,YES
16.7,2.492163587735884,48.1,0.718,6.411,100.0,1.93,1.81,1.88,1.81,19.8,15.02,1,6.034,13.1336,48,YES
14.2,2.0822613123870632,48.1,0.718,6.006,95.3,1.98,1.57,1.88,2.07,19.8,15.7,0,8.284,10.1136,29,YES
20.8,2.5686501932208596,48.1,0.614,5.648,87.6,2.13,1.94,2.2,1.54,19.8,14.1,0,8.916,11.1664,36,YES
13.4,2.085724263982504,48.1,0.614,6.103,85.1,2.08,1.8,2.34,1.87,19.8,23.29,0,8.268,81.12,29,YES
11.7,2.2815779805968406,48.1,0.584,5.565,70.6,2.26,1.99,2.38,1.63,19.8,17.16,0,7.834,11.0936,57,YES
8.3,2.8249617460097114,48.1,0.679,5.896,95.4,2.15,1.71,1.97,1.81,19.8,24.39,1,5.566,15.0664,51,YES
10.2,2.5837862093461372,48.1,0.584,5.837,59.7,2.27,1.67,2.19,1.86,19.8,15.69,0,9.104,14.0816,33,YES
10.9,3.6548546189770925,48.1,0.679,6.202,78.7,2.07,1.66,2.12,1.6,19.8,14.52,0,7.518,11.0872,42,YES
11.0,2.1243085441136205,48.1,0.679,6.193,78.1,2.12,1.86,1.99,1.78,19.8,21.52,1,8.52,12.088,45,YES
9.5,2.335912513221137,48.1,0.679,6.38,95.6,1.98,1.69,2.13,2.07,19.8,24.08,1,8.79,12.076,52,YES
14.5,2.2504630342235155,48.1,0.584,6.348,86.1,2.28,1.79,2.16,1.99,19.8,17.64,0,9.09,11.116,53,YES
14.1,2.4035429310745737,48.1,0.584,6.833,94.3,2.1,1.89,2.27,2.09,19.8,19.69,1,6.682,14.1128,29,YES
16.1,2.0074150555763612,48.1,0.584,6.425,74.8,2.4,1.92,2.34,2.14,19.8,12.03,1,8.722,10.1288,42,YES
14.3,1.8841973460987684,48.1,0.713,6.436,87.9,2.34,2.23,2.4,2.3,19.8,16.22,0,6.186,10.1144,46,YES
11.7,2.7022601376565687,48.1,0.713,6.208,95.0,2.44,2.09,2.31,2.05,19.8,15.17,0,7.834,11.0936,37,YES
13.4,2.498184770733843,48.1,0.74,6.629,94.6,2.15,1.97,2.14,2.24,19.8,23.27,0,10.168,12.1072,46,YES
9.6,2.7357172474638767,48.1,0.74,6.461,93.3,2.32,1.82,2.11,1.75,19.8,18.05,1,6.092,10.0768,57,YES
8.2,2.7836028435028815,48.1,0.74,6.152,100.0,2.01,1.86,1.97,1.81,19.8,26.45,0,9.864,11.0656,60,YES
8.4,2.6863565870169546,48.1,0.74,5.935,87.9,1.85,1.61,1.87,1.95,19.8,34.02,1,9.568,14.0672,57,YES
12.8,2.340904438499074,48.1,0.74,5.627,93.9,1.87,1.72,2.01,1.67,19.8,22.88,1,8.456,15.1024,50,YES
10.5,3.137713490646716,48.1,0.74,5.818,92.4,2.03,1.66,1.96,1.81,19.8,22.11,0,7.41,12.084,38,YES
17.1,2.372501005014648,48.1,0.74,6.406,97.2,2.33,1.97,2.16,1.81,19.8,19.52,1,9.242,15.1368,58,YES
14.8,1.8970754838957269,48.1,0.74,6.219,100.0,2.08,1.97,2.03,1.94,19.8,16.59,0,7.096,14.1184,54,YES
15.4,2.394848818884537,48.1,0.74,6.485,100.0,2.29,1.8,2.2,1.62,19.8,18.85,0,6.608,14.1232,21,YES
10.8,2.6248352449424797,48.1,0.74,5.854,96.6,1.93,1.79,2.07,1.8,19.8,23.79,0,5.516,12.0864,34,YES
11.8,2.457175676049689,48.1,0.74,6.459,94.8,2.2,1.7,2.01,2.04,19.8,23.98,1,5.336,12.0944,28,YES
14.9,1.9862387647413884,48.1,0.74,6.341,96.4,2.23,2.04,2.22,1.79,19.8,17.79,0,10.198,15.1192,41,YES
12.6,2.39104001091028,48.1,0.74,6.251,96.6,2.51,2.01,2.23,2.04,19.8,16.44,1,9.752,11.1008,37,YES
14.1,2.3349641863179325,48.1,0.713,6.185,98.7,2.43,2.2,2.37,2.04,19.8,18.13,1,9.082,13.1128,52,YES
13.0,2.143121491225277,48.1,0.713,6.417,98.3,2.5,2.11,2.19,1.94,19.8,19.31,1,8.06,12.104,27,YES
13.4,2.0435189836286223,48.1,0.713,6.749,92.6,2.4,2.11,2.37,2.4,19.8,17.44,1,9.068,13.1072,59,YES
15.2,1.862705543083853,48.1,0.713,6.655,98.2,2.51,2.23,2.65,2.03,19.8,17.73,1,8.104,11.1216,41,YES
16.1,1.8066759959463214,48.1,0.713,6.297,91.8,2.48,2.26,2.37,2.36,19.8,17.27,0,6.722,15.1288,21,YES
17.8,2.224417043716578,48.1,0.713,7.393,99.3,2.77,2.31,2.64,2.09,19.8,16.74,1,5.956,11.1424,42,YES
14.4,2.3526725106043593,48.1,0.713,6.728,94.1,2.5,2.2,2.75,2.54,19.8,18.71,0,5.888,14.1152,34,YES
14.1,1.749611943801969,48.1,0.713,6.525,86.5,2.61,2.42,2.74,1.97,19.8,18.13,0,7.782,14.1128,36,YES
12.7,1.7349827472403847,48.1,0.713,5.976,87.9,2.65,2.3,2.78,2.59,19.8,19.01,0,7.154,15.1016,31,YES
13.5,2.219266525546099,48.1,0.713,5.936,80.3,2.86,2.49,2.81,2.96,19.8,16.94,0,8.87,13.108,46,YES
14.9,2.1693085250418154,48.1,0.713,6.301,83.7,3.1,2.57,2.82,2.65,19.8,16.23,0,5.598,15.1192,39,YES
20.0,2.0542737224466707,48.1,0.713,6.081,84.4,2.74,2.48,2.8,2.85,19.8,14.7,1,5.4,14.16,27,YES
16.4,1.7599471129733726,48.1,0.713,6.701,90.0,2.9,2.38,2.63,2.48,19.8,16.42,1,9.428,12.1312,29,YES
17.7,1.546095475702301,48.1,0.713,6.376,88.4,2.82,2.23,2.59,2.62,19.8,14.65,1,9.854,13.1416,24,YES
19.5,2.035348578369212,48.1,0.713,6.317,83.0,3.04,2.43,2.8,2.67,19.8,13.99,0,5.89,15.156,22,YES
20.2,1.9200280793412094,48.1,0.713,6.513,89.9,3.06,2.61,2.84,2.7,19.8,10.29,1,8.804,15.1616,30,YES
21.4,2.1792099506138976,48.1,0.655,6.209,65.4,3.16,2.88,3.1,2.72,19.8,13.22,0,7.828,11.1712,55,YES
19.9,1.4263800846591763,48.1,0.655,5.759,48.2,3.26,2.81,3.27,2.92,19.8,14.13,0,9.998,12.1592,43,YES
19.0,1.5633897854422463,48.1,0.655,5.952,84.7,3.13,2.54,3.08,2.74,19.8,17.15,1,8.38,10.152,21,YES
19.1,1.690516391203815,48.1,0.584,6.003,94.5,2.64,2.21,2.85,2.46,19.8,21.32,0,9.482,13.1528,21,YES
19.1,2.807937767457695,48.1,0.58,5.926,71.0,2.96,2.9,3.12,2.66,19.8,18.13,0,5.882,15.1528,28,YES
20.1,2.6444072787962525,48.1,0.58,5.713,56.7,3.02,2.59,3.12,2.57,19.8,14.76,0,6.302,13.1608,27,YES
19.9,1.6768703671037264,48.1,0.58,6.167,84.0,3.22,2.97,3.06,2.89,19.8,16.29,0,5.598,12.1592,36,YES
19.6,1.6170905561197193,48.1,0.532,6.229,90.7,3.28,2.79,3.17,3.15,19.8,12.87,1,8.692,13.1568,52,YES
23.2,1.5192243229211484,48.1,0.58,6.437,75.0,3.04,2.63,3.01,2.9,19.8,14.36,1,8.464,15.1856,39,YES
29.8,1.7311049511313974,48.1,0.614,6.98,67.6,2.77,2.35,2.54,2.47,19.8,11.66,1,7.396,15.2384,56,YES
13.8,2.203404332146021,48.1,0.584,5.427,95.4,2.61,2.33,2.56,2.21,19.8,18.14,0,9.076,11.1104,47,YES
13.3,2.000549838013637,48.1,0.584,6.162,97.4,2.5,2.17,2.5,1.65,19.8,24.1,1,9.066,11.1064,27,YES
16.7,1.7700948094248417,48.1,0.614,6.484,93.6,2.58,2.3,2.48,1.85,19.8,18.68,1,6.134,14.1336,22,YES
12.0,2.774050153828231,48.1,0.614,5.304,97.3,2.28,1.99,2.41,1.73,19.8,24.91,0,9.34,15.096,39,YES
14.6,2.418855874659432,48.1,0.614,6.185,96.7,2.29,1.98,2.36,2.05,19.8,18.03,1,5.292,15.1168,60,YES
21.4,2.730053020578551,48.1,0.614,6.229,88.0,2.27,1.82,2.08,1.63,19.8,13.11,0,6.128,10.1712,32,YES
23.0,1.9204472756044826,48.1,0.532,6.242,64.7,3.48,3.38,3.72,3.11,19.8,10.74,0,8.56,13.184,22,YES
23.7,1.9033276772324317,48.1,0.532,6.75,74.9,3.44,3.26,3.38,3.24,19.8,7.74,0,6.974,15.1896,46,YES
25.0,1.9067474913596385,48.1,0.532,7.061,77.0,3.67,3.33,3.46,3.18,19.8,7.01,0,5.5,11.2,29,YES
21.8,1.3398262488998969,48.1,0.532,5.762,40.3,4.41,3.89,4.25,3.85,19.8,10.42,0,9.636,14.1744,57,YES
20.6,1.2174525430495582,48.1,0.583,5.871,41.9,3.93,3.56,3.77,3.63,19.8,13.34,1,8.112,12.1648,31,YES
21.2,1.5419446302865207,48.1,0.583,6.312,51.9,4.03,3.85,4.07,4.01,19.8,10.58,0,9.024,13.1696,51,YES
19.1,1.9008754243872985,48.1,0.583,6.114,79.8,3.55,3.34,3.76,3.53,19.8,14.98,1,8.582,12.1528,57,YES
20.6,1.763989083482614,48.1,0.583,5.905,53.2,3.36,2.85,3.16,3.23,19.8,11.45,0,8.412,11.1648,44,YES
15.2,0.14050948897951462,57.74,0.609,5.454,92.7,2.1,1.57,1.96,1.65,19.9,18.06,0,6.004,14.1216,28,YES
7.0,0.16836630025465416,57.74,0.609,5.414,98.3,2.08,1.53,1.94,1.48,19.9,23.97,0,9.84,15.056,29,YES
8.1,0.18851897970190704,57.74,0.609,5.093,98.0,1.97,1.6,1.95,1.77,19.9,29.68,1,9.162,10.0648,49,YES
13.6,0.10051479408986363,57.74,0.609,5.983,98.8,1.96,1.69,2.06,1.76,19.9,18.07,0,7.072,14.1088,47,YES
20.1,0.10554849798804096,57.74,0.609,5.983,83.5,2.25,1.82,2.12,2.24,19.9,13.35,1,8.902,13.1608,57,YES
21.8,0.15982881438052338,39.69,0.585,5.707,54.0,2.7,2.27,2.42,2.14,20.8,12.01,1,5.936,14.1744,31,YES
24.5,0.24652408399188344,39.69,0.585,5.926,42.6,2.55,2.14,2.39,2.44,20.8,13.59,1,8.79,11.196,47,YES
23.1,0.16465813975505653,39.69,0.585,5.67,28.8,3.08,2.49,3.07,2.56,20.8,17.6,0,8.462,14.1848,55,YES
19.7,0.25433209277022684,39.69,0.585,5.39,72.9,2.86,2.61,2.98,2.74,20.8,21.14,0,,12.1576,44,YES
18.3,0.23774049566117808,39.69,0.585,5.794,70.6,3.04,2.59,3.06,2.88,20.8,14.1,1,5.366,14.1464,55,YES
21.2,0.21440145025736632,39.69,0.585,6.019,65.3,2.68,2.25,2.58,2.12,20.8,12.92,1,5.824,14.1696,32,YES
17.5,0.16367376242147152,39.69,0.585,5.569,73.5,2.46,2.39,2.49,2.26,20.8,15.1,0,9.85,14.14,47,YES
16.8,0.20243459342451153,39.69,0.585,6.027,79.7,2.64,2.47,2.82,2.06,20.8,14.33,0,6.236,14.1344,54,YES
22.4,0.060746967273100666,41.93,0.573,6.593,69.1,2.64,2.45,2.76,2.06,19.0,9.67,0,9.348,12.1792,27,YES
20.6,0.04427522524990742,41.93,0.573,6.12,76.7,2.44,2.11,2.46,2.14,19.0,9.08,1,6.612,13.1648,20,YES
23.9,0.058985632347870846,41.93,0.573,6.976,91.0,2.34,2.06,2.29,1.98,19.0,5.64,0,5.478,12.1912,31,YES
22.0,0.10399057772120515,41.93,0.573,6.794,89.3,2.54,2.31,2.4,2.31,19.0,6.48,1,7.94,15.176,47,YES
19.0,0.04632045026850422,41.93,0.573,6.03,80.8,2.72,2.24,2.64,2.42,19.0,7.88,1,10.28,10.152,45,YES
